name;street;houseNumber;zipcode;place;email;phoneNumber
Oosterloo;"Burgemeester Ankerplein 177";79;"1733 AW";"Nieuwe Niedorp";HendryOosterloo@superrito.com;06-28380803
Spoor;"Korte Oostweg 148";47;"4373 BB";Biggekerke;BjarnSpoor@einrot.com;06-12361713
Hulzebosch;"Rielerweg 139";84;"7416 ZB";Deventer;FredericusHulzebosch@superrito.com;06-52900361
Roelfsema;"Van Adrichemweg 41";24;"3042 BW";Rotterdam;LeopoldRoelfsema@gustr.com;06-28069746
"van der Baan";"Paulus Buysstraat 53";74;"7331 NX";Apeldoorn;JoukevanderBaan@dayrep.com;06-21660548
"van Heumen";"Munt 151";49;"8446 AM";Heerenveen;ReiniervanHeumen@armyspy.com;06-22988472
Notenboom;"Metsustraat 69";23;"6717 SG";Ede;GabrielNotenboom@gustr.com;06-35600280
Hölzken;"Walenburgerweg 88";71;"3033 AE";Rotterdam;ShaquilleHolzken@cuvox.de;06-58232777
"de Vreugd";"Landbouwweg 124";81;"4389 VL";Ritthem;CiskadeVreugd@teleworm.us;06-52187628
Moerkerken;"Den Bleek 93";23;"5725 CL";Heusden;JelleMoerkerken@superrito.com;06-29257603
Klein;"Kersenstraat 129";67;"3235 ED";Rockanje;LoukeKlein@teleworm.us;06-46270707
Rasing;"Ericaweg 188";69;"1272 CR";Huizen;GerritjeRasing@gustr.com;06-39701436
Kruijer;"Sijsjespad 109";80;"2623 GD";Delft;FernandaKruijer@armyspy.com;06-31491741
Houtveen;"Willem F. Smitlaan 117";74;"3705 TZ";Zeist;DaniHoutveen@armyspy.com;06-64592394
Olthoff;"Zwanenwaay 55";80;"6909 BP";Babberich;NadieOlthoff@gustr.com;06-92289035
"van der Staaij";"Nieuweweg 85";28;"2675 BG";Honselersdijk;GilbertovanderStaaij@superrito.com;06-82611149
Meulmeester;"Johan Willem Frisolaan 195";85;"3136 BG";Vlaardingen;NordinMeulmeester@armyspy.com;06-89001882
"van de Vijver";"Woert 72";36;"7482 LE";Haaksbergen;MahervandeVijver@fleckens.hu;06-64530926
"de Water";"Rode Klif 69";59;"8223 CC";Lelystad;FidandeWater@rhyta.com;06-51450454
Coster;"Goudstraat 121";39;"7554 NE";Hengelo;JordyCoster@rhyta.com;06-55982295
"van Valkenburg";"Kanaaldijk Zuid 87";26;"3998 WK";Schalkwijk;SteffanyvanValkenburg@einrot.com;06-44347666
"van Duren";"Quinten Massijsstraat 161";77;"1077 MC";Amsterdam;SipkevanDuren@dayrep.com;06-30298327
Merkx;"Westerstraat 87";85;"9561 SM";"Ter Apel";ValentinaMerkx@armyspy.com;06-44052549
Berghout;"Van Oldenbarneveltplaats 96";30;"3012 AK";Rotterdam;ChanaBerghout@jourrapide.com;06-97462437
"van de Geijn";"Stationstraat 103";28;"5071 BS";Udenhout;RamanvandeGeijn@cuvox.de;06-78752591
"van Hulten";"Eeser Hout 49";48;"8332 VR";Steenwijk;VeronvanHulten@gustr.com;06-19063647
Rigters;"Van Bossestraat 95";25;"4384 BG";Vlissingen;WillekeRigters@fleckens.hu;06-39389338
Mathijssen;"Honthorstlaan 169";28;"1816 TG";Alkmaar;BertusMathijssen@einrot.com;06-53418667
Tervoort;"Brink 56";67;"7411 BV";Deventer;NaimaTervoort@armyspy.com;06-52580434
Gootjes;"Zwanensingel 161";32;"3136 GZ";Vlaardingen;DidoGootjes@fleckens.hu;06-60389839
Peeman;"Sportparklaan 65";41;"1382 SE";Weesp;BerniePeeman@jourrapide.com;06-23360632
"de Rijcke";"Lisztstraat 44";50;"2625 BN";Delft;ZubeydedeRijcke@jourrapide.com;06-43059520
"de Hoogh";"Molentjesdreef 138";82;"5758 RK";Neerkant;ChadideHoogh@armyspy.com;06-36541751
"van Nuland";"Raadhuisplein 94";19;"5388 GM";Nistelrode;KimvanNuland@einrot.com;06-57554230
Lankreijer;"Menno ter Braakstraat 81";83;"1321 BN";Almere;RasitLankreijer@dayrep.com;06-50442466
Nieuwlaat;"Enzerinckweg 198";84;"7251 JD";Vorden;NoelleNieuwlaat@cuvox.de;06-92824297
"van Vilsteren";"Hazelaarlaan 82";67;"1214 LM";Hilversum;LotfivanVilsteren@dayrep.com;06-10872767
Derix;"Drostenbos 126";76;"8325 PJ";Vollenhove;DaryllDerix@jourrapide.com;06-89526598
"van Kol";"Beatrixweg 7";65;"8171 VZ";Vaassen;SevincvanKol@rhyta.com;06-65881861
Matthijsse;"Henri Dunantstraat 60";41;"4901 MG";Oosterhout;MachteldMatthijsse@armyspy.com;06-92398476
Lankreijer;"Uiverplein 158";63;"2802 GD";Gouda;BartholdLankreijer@jourrapide.com;06-62564584
Isik;"De Hegge 2";60;"7314 JR";Apeldoorn;TjallingIsik@superrito.com;06-84820100
Meijs;"Tiendweg 93";52;"5331 RC";Kerkdriel;YoellMeijs@armyspy.com;06-79567391
"van Wageningen";"Genderstraat 147";62;"5504 LN";Veldhoven;DenleyvanWageningen@cuvox.de;06-12086465
Kwant;"Resedastraat 8";80;"1031 BJ";Amsterdam;GuluzarKwant@einrot.com;06-22478680
Kapteijn;"Hoefblad 41";22;"4102 JP";Culemborg;AmalKapteijn@jourrapide.com;06-44226950
Arslan;"W. Jorritsmastrjitte 33";39;"9298 KD";Kollumerzwaag;MirnaArslan@jourrapide.com;06-80343461
Kievits;"Koningin Emmalaan 41";43;"3851 XD";Ermelo;DanteKievits@armyspy.com;06-34124094
"van Minnen";"Nunspeetlaan 75";83;"2573 GJ";"Den Haag";DollyvanMinnen@rhyta.com;06-77103617
Siebers;"Wendtsteinweg 54";32;"9363 AR";Marum;AlanSiebers@gustr.com;06-75455291
"van Dooren";"Denekamperstraat 45";76;"7588 PV";Beuningen;ZillahvanDooren@jourrapide.com;06-97707514
"van der Brug";"Kruisstraat 20";72;"6027 PA";Soerendonk;SefvanderBrug@dayrep.com;06-35299457
Wit;"Dorpsstraat 184";36;"1531 HG";Wormer;CeciliaWit@teleworm.us;06-75498042
Noort;"Dirk de Derdelaan 98";48;"3132 HJ";Vlaardingen;DaxNoort@superrito.com;06-65477360
Zeeuw;"Gouden Regenlaan 43";60;"9471 SC";Zuidlaren;DeaconZeeuw@fleckens.hu;06-84061291
Trum;"Hemelboomlaan 139";41;"6241 AS";Bunde;TariqTrum@einrot.com;06-98620183
Schelvis;"Hakvoortseweg 144";20;"5084 HA";Biest-Houtakker;TetjeSchelvis@cuvox.de;06-96466018
Colijn;"Jaap ter Haarsingel 171";38;"2353 LV";Leiderdorp;MarenneColijn@teleworm.us;06-93104116
Moraal;"Prins Hendrikstraat 43";29;"2983 GK";Ridderkerk;RaisaMoraal@rhyta.com;06-16401522
"de Roon";"Apollolaan 21";56;"6411 BB";Heerlen;JetzedeRoon@armyspy.com;06-97677177
Schulting;"Enschedepad 90";46;"1324 GA";Almere;SandiaSchulting@armyspy.com;06-83627063
Houterman;"Baronielaan 154";82;"5052 BX";Goirle;NorineHouterman@armyspy.com;06-95783355
Licht;"Jasmijnlaan 64";69;"1231 EL";Loosdrecht;NoufissaLicht@einrot.com;06-30326893
Verstijnen;"Bleeklaan 181";63;"8921 HA";Leeuwarden;HasibeVerstijnen@superrito.com;06-33983471
Haanstra;"Beltmolenstraat 137";33;"6088 CA";Roggel;SafiaHaanstra@fleckens.hu;06-78810282
"de Ruyter";"Jacob van Campenplein 146";66;"3067 LC";Rotterdam;BobbideRuyter@superrito.com;06-56301086
Gubbels;"Meindertweg 109";82;"7025 EE";Halle;HenrietteGubbels@einrot.com;06-34399647
Crijns;"Eendengang 61";53;"7552 KM";Hengelo;RowanaCrijns@gustr.com;06-60776321
"de Neef";"Zuidlangeweg 141";73;"4485 PJ";Kats;GokhandeNeef@einrot.com;06-78626854
Turgut;"Sportparklaan 51";64;"6085 AP";Horn;HerreTurgut@einrot.com;06-15406014
"van Engen";"Kerkstraat 83";54;"5513 AP";Wintelre;SelenayvanEngen@superrito.com;06-95564284
"van Hal";"Cannenburch 13";47;"8226 RT";Lelystad;LinvanHal@teleworm.us;06-66000174
Teske;"Oranjestraat 96";65;"3921 BC";Elst;JantienTeske@teleworm.us;06-24481900
Heslinga;"Steintjeskreek 123";77;"3823 JP";Amersfoort;EdisonHeslinga@fleckens.hu;06-59793644
Vrijenhoek;"Gording 124";73;"1628 JC";Hoorn;EkaterinaVrijenhoek@fleckens.hu;06-93742567
Koenraadt;"Brede Dijk 102";81;"3421 TK";Oudewater;AaltsjeKoenraadt@armyspy.com;06-83214358
Ince;"Emmastraat 144";68;"7101 CD";Winterswijk;KirsiInce@jourrapide.com;06-60513057
Pereira;"Secretaris Ottermanweg 143";54;"7957 BM";"De Wijk";CiaraPereira@dayrep.com;06-76029610
"van der Putten";"Hendrikdreef 187";60;"5503 JR";Veldhoven;JedidjavanderPutten@cuvox.de;06-30438578
Akpinar;"Leidsevaartweg 181";39;"2106 AS";Heemstede;SophiaAkpinar@gustr.com;06-11293217
"van de Streek";"Elandsgracht 138";49;"1016 VA";Amsterdam;OrionvandeStreek@armyspy.com;06-60210470
Munsters;"Munewei 44";33;"9172 GR";Ferwert;CathyMunsters@cuvox.de;06-91932247
Kievit;"Everaertstraat 78";76;"3067 VD";Rotterdam;JosseKievit@superrito.com;06-46116185
"van Lienden";"Frisoplein 10";75;"2628 TZ";Delft;MorrisonvanLienden@jourrapide.com;06-68842924
Schuurhuis;"Ketelhuis 90";46;"1431 LT";Aalsmeer;ManasseSchuurhuis@fleckens.hu;06-73423249
Wieten;"Badstraat 115";81;"9581 BB";Musselkanaal;LissyWieten@gustr.com;06-20272968
Olijve;"Ochtendnevel 57";43;"6661 RD";Elst;LuneOlijve@dayrep.com;06-49354062
Wijnia;"Dierenlaan 100";26;"9675 NX";Winschoten;JasmijnWijnia@fleckens.hu;06-68954674
Meinsma;"Gooilaan 194";75;"2574 XN";"Den Haag";ZakariyaMeinsma@superrito.com;06-55728139
"van Norel";"Nieuwstraat 44";63;"7161 DN";Neede;DanjavanNorel@dayrep.com;06-18269263
Lijzenga;"Kanonskamp 189";80;"6596 AS";Milsbeek;MarlinLijzenga@einrot.com;06-42991659
"van den Wijngaard";"Heerlerweg 57";61;"6433 HX";Hoensbroek;GijsbertusvandenWijngaard@dayrep.com;06-96806762
Bergevoet;"Leemkuilsweg 180";83;"7437 SN";Bathmen;YounessBergevoet@jourrapide.com;06-65337531
"van de Merwe";"Kerkdijk 105";47;"3615 BH";Westbroek;MichellevandeMerwe@armyspy.com;06-40374028
Taverne;"Rietakker 2";62;"1679 VB";Midwoud;MadeeTaverne@gustr.com;06-79991887
"van den Belt";"Iepweg 175";19;"7421 BA";Deventer;JoekvandenBelt@jourrapide.com;06-12938804
Boot;"Burgemeester van Meursstraat 127";43;"3841 JS";Harderwijk;AlperBoot@armyspy.com;06-54144697
Stegers;"De Paasweide 19";71;"9901 EW";Appingedam;EsmeeStegers@armyspy.com;06-95711930
"de Crom";"Jaagweg 57";67;"1452 PC";Ilpendam;LamyaedeCrom@cuvox.de;06-97451498
Lukassen;"Vikingoord 20";52;"3079 RL";Rotterdam;BabethLukassen@cuvox.de;06-28067796
Pieper;"Oude Schapendrift 179";82;"9495 PH";Winde;MickPieper@rhyta.com;06-67423187
Coenraad;"Reestlaan 50";51;"7944 BB";Meppel;ImmeCoenraad@teleworm.us;06-20857325
Adams;"Columbusstraat 14";65;"5554 PC";Valkenswaard;DerrickAdams@fleckens.hu;06-98382370
Westerhof;"Gerrit Jan van der Veenstraat 83";36;"2264 DS";Leidschendam;ElvisWesterhof@superrito.com;06-71034101
"ten Bosch";"Pietersberg 59";66;"2905 PH";"Capelle aan den IJssel";ElinetenBosch@superrito.com;06-39738253
Anderson;"De Plataan 194";64;"6942 TS";Didam;StacyAnderson@gustr.com;06-19936089
Nell;"Koekoeksweg 12";31;"8171 VK";Vaassen;ManjaNell@jourrapide.com;06-80337615
"van Zelm";"Hectorlaan 144";46;"5631 CD";Eindhoven;TheresevanZelm@armyspy.com;06-58175214
"van der Heul";"Hendrik Schoutenstraat 106";46;"3791 VM";Achterveld;RishanvanderHeul@dayrep.com;06-29663475
"van Beusekom";"Scheeweg 92";58;"2678 NT";"De Lier";SamanvanBeusekom@teleworm.us;06-81043876
Walraven;"Schuit 159";33;"8325 HH";Vollenhove;QuincyWalraven@gustr.com;06-28467638
Lijzenga;"Stadhuisstraat 195";23;"8232 VK";Lelystad;FlorinaLijzenga@einrot.com;06-41823477
Meerwijk;"De Ruyterlaan 42";23;"2121 VJ";Bennebroek;EldertMeerwijk@teleworm.us;06-71792993
Stijns;"Meekeshof 182";57;"9089 BD";Wytgaard;ChristanStijns@fleckens.hu;06-48570479
Koenes;"Schotwegje 189";37;"4421 JK";Kapelle;NormaKoenes@superrito.com;06-28868448
Oudenaarden;"Fahrenheitstraat 47";65;"2561 DV";"Den Haag";HenriekeOudenaarden@gustr.com;06-46024365
Kaan;"Steeg 112";22;"6171 EB";Stein;SiemKaan@rhyta.com;06-23271044
Verrips;"Boudewijnskerke 65";41;"4374 SB";Zoutelande;RoumaissaVerrips@rhyta.com;06-90213243
Bunnik;"Dokter G.H. Beensweg 83";81;"7642 CH";Wierden;ZekiyeBunnik@gustr.com;06-37167145
Ubachs;"Baron van Nagellstraat 108";81;"3781 AT";Voorthuizen;KristyUbachs@cuvox.de;06-96539916
"de Wolde";"Friedalaan 42";24;"1161 TJ";Zwanenburg;CarlitodeWolde@armyspy.com;06-94405042
Berkhoff;"Loenense Beek 117";57;"5032 RM";Tilburg;AgnetaBerkhoff@superrito.com;06-72651999
"van Veelen";"Noordwolderweg 40";63;"8421 SB";Oldeberkoop;CarolvanVeelen@gustr.com;06-44090379
Bothof;"Westduinweg 160";82;"2583 AV";"Den Haag";LoraineBothof@fleckens.hu;06-77811523
"ter Burg";"Van Haestrechtstraat 185";36;"5171 RB";Kaatsheuvel;VarunterBurg@gustr.com;06-36397808
Treur;"Biltseweg 20";29;"3735 MB";"Bosch en Duin";GerardoTreur@fleckens.hu;06-67364886
Rikkers;"Alexander Battalaan 112";85;"6221 CB";Maastricht;FaeRikkers@jourrapide.com;06-69253899
"van der Haven";"Balsemkruidstraat 53";64;"2215 VD";Voorhout;RenaldovanderHaven@cuvox.de;06-79558091
"van Merrienboer";"Voorburggracht 111";44;"1722 GV";Zuid-Scharwoude;BrentvanMerrienboer@superrito.com;06-78663188
Mimpen;"Gruttostraat 71";24;"3222 BA";Hellevoetsluis;RigtjeMimpen@fleckens.hu;06-25408038
Flier;"Wilhelminastraat 19";26;"1054 WK";Amsterdam;GianninaFlier@superrito.com;06-43871893
Strijker;"Van Mierisstraat 15";55;"2526 NT";"Den Haag";KubraStrijker@einrot.com;06-18428001
Hogendoorn;"Wierdensestraat 191";57;"7461 BD";Rijssen;ClementHogendoorn@dayrep.com;06-58255779
Kleuskens;"Ganzenweide 188";56;"8446 KP";Heerenveen;LeKleuskens@einrot.com;06-48405048
Hijink;"Welpelohoek 58";28;"7546 GP";Enschede;SoukainaHijink@fleckens.hu;06-95947688
Roelse;"Penant 34";54;"1834 TK";"Sint Pancras";JaelaRoelse@teleworm.us;06-58608209
Keulen;"Skutsje 171";49;"8401 MN";Gorredijk;RokusKeulen@fleckens.hu;06-48856436
Marijt;"Sinjeur Semeynsstraat 166";71;"1061 GK";Amsterdam;SkyeMarijt@rhyta.com;06-99223182
"van Anrooij";"Sportstraat 6";57;"4708 AS";Roosendaal;HendryvanAnrooij@armyspy.com;06-57733148
"van Oerle";"I de Stigterstraat 84";56;"4142 BR";Leerdam;MikavanOerle@armyspy.com;06-42901917
Çelik;"Vetpeelweg 3";26;"6006 VC";Weert;IssaCelik@einrot.com;06-35697122
Assink;"Helfrichstraat 160";85;"6562 WZ";Groesbeek;MarwinAssink@einrot.com;06-45276170
"van Wijnbergen";"Gasselterstraat 135";67;"9503 JB";Stadskanaal;TammyvanWijnbergen@gustr.com;06-22496438
"van der Zwaag";"Dasseburcht 40";23;"5111 DS";Baarle-Nassau;MarlonvanderZwaag@teleworm.us;06-59015887
"van Puijenbroek";"Transvaalkade 148";66;"1092 JR";Amsterdam;NidavanPuijenbroek@rhyta.com;06-26338491
Tosun;"Hebridenstraat 58";28;"1339 SB";Almere;GulistanTosun@teleworm.us;06-15788712
Huber;"Vlietplein 154";73;"2986 GL";Ridderkerk;GastonHuber@einrot.com;06-20721991
Boldewijn;"Uitingstraat 75";22;"5331 EJ";Kerkdriel;NoutBoldewijn@jourrapide.com;06-91910175
Huppertz;"Hitchcockstrook 67";38;"2726 VN";Zoetermeer;NathanHuppertz@teleworm.us;06-47496230
"van Zutphen";"Langbree 134";52;"9403 GB";Assen;BrianvanZutphen@rhyta.com;06-42278248
Lichtenberg;"Gerard Doustraat 52";81;"3781 EL";Voorthuizen;OguzLichtenberg@superrito.com;06-84449971
"ten Have";"Ruiterschelling 123";76;"8253 CG";Dronten;TishatenHave@cuvox.de;06-40989807
Buijsman;"Paulina van Weellaan 33";56;"3247 AN";Dirksland;SidneyBuijsman@dayrep.com;06-28703375
Voorn;"Koopvaardijstraat 146";84;"5224 HG";s-Hertogenbosch;NilsVoorn@armyspy.com;06-40890488
Radstake;"Geldropsedijk 98";29;"5672 AC";Nuenen;RonyRadstake@dayrep.com;06-93565887
"van Stratum";"Zeestraat 46";78;"4761 HE";Zevenbergen;GuldenvanStratum@jourrapide.com;06-77951270
Sikkens;"Tweeschaar 66";74;"4822 AT";Breda;JilleSikkens@einrot.com;06-60455428
Hooijer;"Burgemeester Bosstraat 10";53;"3043 TB";Rotterdam;AugustinusHooijer@dayrep.com;06-94224727
Dillen;"Maasstraat 76";35;"4335 KS";Middelburg;JoesDillen@superrito.com;06-27337573
Luijendijk;"Beiaard 106";58;"4876 CA";Etten-Leur;YoriLuijendijk@jourrapide.com;06-59355603
Gomez;"Thérèse Schwartzestraat 85";64;"1328 CA";Almere;LideweiGomez@cuvox.de;06-89557534
"van de Meeberg";"Valkhof 134";78;"2261 HT";Leidschendam;SheronavandeMeeberg@gustr.com;06-40275773
Prak;"Kathleen Ferrierstraat 110";67;"1311 KW";Almere;PhaedraPrak@armyspy.com;06-30686855
"van Waes";"Cor Witschgestraat 127";24;"2033 ZW";Haarlem;JeremeyvanWaes@dayrep.com;06-82333306
"van Maaren";"Meidoornlaan 181";29;"2612 TR";Delft;JoosvanMaaren@cuvox.de;06-56912229
Schrijver;"Weebosch 73";81;"5571 LW";Bergeijk;EsmaySchrijver@rhyta.com;06-59209955
Soetendaal;"Kennemerstraatweg 126";32;"1814 GH";Alkmaar;AbelSoetendaal@superrito.com;06-57809085
Boel;"Eilandweg 144";42;"1151 BZ";"Broek in Waterland";LuccaBoel@dayrep.com;06-22965316
Kinds;"Tramstraat 191";82;"7241 CH";Lochem;IleneKinds@gustr.com;06-94154808
Voesenek;"Javastraat 33";36;"1094 HA";Amsterdam;SylvanoVoesenek@superrito.com;06-54685811
"van der Marel";"De Binnenbaan 122";27;"8731 DV";Wommels;ArisvanderMarel@armyspy.com;06-10985416
Michiels;"Gaasterlandstraat 165";49;"2036 NH";Haarlem;HarrieMichiels@einrot.com;06-77083385
"van Puijenbroek";"de Vlouw 9";73;"2611 EX";Delft;ReynaldovanPuijenbroek@dayrep.com;06-90596917
Vrolijk;"Hammarskjoldplaats 183";60;"3069 RJ";Rotterdam;LodewijkVrolijk@rhyta.com;06-19222419
Valkenburg;"Diepertseweg 88";37;"5421 XJ";Gemert;MoradValkenburg@armyspy.com;06-18459322
Haast;"Klapwijkse Eilanden 142";21;"2652 ET";"Berkel en Rodenrijs";PietHaast@gustr.com;06-70752559
Voigt;"Polderzicht 142";33;"4847 RT";Teteringen;KaoutharVoigt@armyspy.com;06-16458206
Oldenburg;"Griend 22";64;"8225 VD";Lelystad;SagarOldenburg@cuvox.de;06-49269407
"van Steeg";"Achlumerweg 108";21;"8805 TN";Hitzum;RinekevanSteeg@rhyta.com;06-55213295
Holterman;"Meelovenstraat 20";50;"6442 BP";Brunssum;EmirHolterman@jourrapide.com;06-85976413
Reijerse;"Marvildehof 142";43;"5504 GZ";Veldhoven;BadreddineReijerse@rhyta.com;06-30047550
Hoefakker;"Industrieweg 102";71;"4401 LB";Yerseke;JolienHoefakker@armyspy.com;06-61171351
Türk;"Zwanebloem 79";80;"2266 MB";Leidschendam;JacintaTurk@fleckens.hu;06-16193156
Heringa;"De Vang 32";43;"4765 AZ";"Zevenbergschen Hoek";SandraHeringa@rhyta.com;06-11716501
Reijnders;"Provincienlaan 72";31;"2101 SR";Heemstede;SmailReijnders@jourrapide.com;06-84134977
Bennink;"Van de Woestijnelaan 58";57;"9721 WL";Groningen;BartelBennink@armyspy.com;06-12550481
"van Amerongen";"Doctor Damstraat 195";63;"8262 GH";Kampen;NicvanAmerongen@rhyta.com;06-33878026
Wielaard;"s-Heer Hendrikskinderendijk 189";36;"4461 DX";Goes;AdajaWielaard@einrot.com;06-22007681
Scheper;"Desmijndijk 109";52;"4706 GN";Roosendaal;ElbertScheper@superrito.com;06-36218836
Verhaegh;"Fons van der Heijdenstraat 136";41;"5534 AV";Netersel;CoenradusVerhaegh@gustr.com;06-20878566
Lopez;"Rossinihof 137";34;"3438 XD";Nieuwegein;LingLopez@armyspy.com;06-33937363
"van den Dungen";"Ghanastraat 167";63;"2622 GJ";Delft;RobinavandenDungen@rhyta.com;06-82251038
Holterman;"Morgenstraat 186";33;"1483 TD";"De Rijp";MelHolterman@gustr.com;06-95857377
"van Loenen";"Zeeanemoonweg 66";23;"4325 BX";Renesse;AnnelienvanLoenen@superrito.com;06-55008143
"van Noorden";"Rijkswal 13";33;"4285 AC";Woudrichem;ArnoutvanNoorden@einrot.com;06-35765659
Houtveen;"Veenstraat 100";40;"7776 BE";Slagharen;IlzeHoutveen@fleckens.hu;06-47150785
Lambers;"Heuvelaar 169";44;"5085 GE";Esbeek;MelvynLambers@armyspy.com;06-21566779
Langenbach;"Goudsbloemstraat 137";49;"2981 BM";Ridderkerk;ClaireLangenbach@rhyta.com;06-14163407
"van Essen";"Anna Maria Geertruida Schmidtstraat 143";20;"6708 TE";Wageningen;GiannivanEssen@fleckens.hu;06-58342315
"van Delft";"Henegouwerweg 158";51;"2741 KG";Waddinxveen;GracevanDelft@armyspy.com;06-28078486
